Nachrichten,temporaladverb,13
Nachrichten,artikelUnbest,24
Nachrichten,modalverben,24
Nachrichten,doppelpunkt,5
Nachrichten,fragezeichen,8
Nachrichten,kausaladverb,8
Nachrichten,komma,107
Nachrichten,konjunktive,10
Nachrichten,artikelBest,156
Nachrichten,temporaladverb,16
Nachrichten,artikelUnbest,49
Nachrichten,zahl,100
Nachrichten,doppelpunkt,6
Nachrichten,fragezeichen,3
Nachrichten,modalverben,20
Nachrichten,kausaladverb,11
Nachrichten,komma,105
Nachrichten,zeitwörter,4
Nachrichten,konjunktive,5
Nachrichten,artikelBest,189
Nachrichten,temporaladverb,21
Nachrichten,artikelUnbest,27
Nachrichten,zahl,30
Nachrichten,doppelpunkt,9
Nachrichten,fragezeichen,1
Nachrichten,modalverben,20
Nachrichten,kausaladverb,18
Nachrichten,zeitwörter,1
Nachrichten,komma,92
Nachrichten,konjunktive,12
Nachrichten,artikelBest,137
Nachrichten,temporaladverb,17
Nachrichten,artikelUnbest,31
Nachrichten,zahl,62
Nachrichten,doppelpunkt,8
Nachrichten,fragezeichen,2
Nachrichten,modalverben,5
Nachrichten,kausaladverb,8
Nachrichten,komma,80
Nachrichten,zeitwörter,1
Nachrichten,konjunktive,1
Nachrichten,artikelBest,134
Nachrichten,temporaladverb,17
Nachrichten,artikelUnbest,40
Nachrichten,modalverben,15
Nachrichten,zahl,39
Nachrichten,doppelpunkt,7
Nachrichten,fragezeichen,1
Nachrichten,kausaladverb,11
Nachrichten,zeitwörter,1
Nachrichten,komma,90
Nachrichten,konjunktive,5
Nachrichten,artikelBest,150
Nachrichten,temporaladverb,10
Nachrichten,artikelUnbest,43
Nachrichten,modalverben,12
Nachrichten,zahl,18
Nachrichten,doppelpunkt,7
Nachrichten,fragezeichen,4
Nachrichten,kausaladverb,9
Nachrichten,komma,121
Nachrichten,konjunktive,1
Nachrichten,artikelBest,131
Nachrichten,temporaladverb,19
Nachrichten,artikelUnbest,34
Nachrichten,zahl,12
Nachrichten,doppelpunkt,7
Nachrichten,fragezeichen,3
Nachrichten,modalverben,24
Nachrichten,kausaladverb,31
Nachrichten,komma,127
Nachrichten,zeitwörter,3
Nachrichten,konjunktive,3
Nachrichten,artikelBest,168
Nachrichten,temporaladverb,10
Nachrichten,artikelUnbest,33
Nachrichten,zahl,66
Nachrichten,doppelpunkt,10
Nachrichten,fragezeichen,1
Nachrichten,modalverben,23
Nachrichten,kausaladverb,17
Nachrichten,komma,71
Nachrichten,zeitwörter,4
Nachrichten,konjunktive,4
Nachrichten,artikelBest,136
Nachrichten,temporaladverb,37
Nachrichten,artikelUnbest,36
Nachrichten,zahl,69
Nachrichten,doppelpunkt,15
Nachrichten,fragezeichen,7
Nachrichten,modalverben,20
Nachrichten,kausaladverb,21
Nachrichten,komma,139
Nachrichten,zeitwörter,4
Nachrichten,konjunktive,4
Nachrichten,artikelBest,138
Nachrichten,temporaladverb,9
Nachrichten,artikelUnbest,35
Nachrichten,zahl,82
Nachrichten,doppelpunkt,9
Nachrichten,modalverben,14
Nachrichten,kausaladverb,8
Nachrichten,komma,37
Nachrichten,zeitwörter,3
Nachrichten,konjunktive,3
Nachrichten,artikelBest,146
Nachrichten,temporaladverb,21
Nachrichten,artikelUnbest,34
Nachrichten,modalverben,26
Nachrichten,zahl,33
Nachrichten,doppelpunkt,16
Nachrichten,fragezeichen,9
Nachrichten,kausaladverb,19
Nachrichten,komma,120
Nachrichten,zeitwörter,1
Nachrichten,konjunktive,9
Nachrichten,artikelBest,211
Nachrichten,temporaladverb,14
Nachrichten,artikelUnbest,23
Nachrichten,modalverben,19
Nachrichten,zahl,18
Nachrichten,doppelpunkt,11
Nachrichten,fragezeichen,5
Nachrichten,kausaladverb,18
Nachrichten,komma,79
Nachrichten,zeitwörter,2
Nachrichten,konjunktive,10
Nachrichten,artikelBest,92
Nachrichten,temporaladverb,12
Nachrichten,artikelUnbest,19
Nachrichten,zahl,30
Nachrichten,doppelpunkt,8
Nachrichten,fragezeichen,1
Nachrichten,modalverben,18
Nachrichten,kausaladverb,9
Nachrichten,zeitwörter,3
Nachrichten,komma,88
Nachrichten,konjunktive,6
Nachrichten,artikelBest,137
Nachrichten,temporaladverb,21
Nachrichten,artikelUnbest,31
Nachrichten,modalverben,19
Nachrichten,zahl,6
Nachrichten,doppelpunkt,8
Nachrichten,fragezeichen,1
Nachrichten,kausaladverb,17
Nachrichten,komma,127
Nachrichten,zeitwörter,3
Nachrichten,konjunktive,12
Nachrichten,artikelBest,244
Nachrichten,temporaladverb,25
Nachrichten,artikelUnbest,37
Nachrichten,zahl,46
Nachrichten,doppelpunkt,8
Nachrichten,fragezeichen,13
Nachrichten,modalverben,6
Nachrichten,kausaladverb,9
Nachrichten,komma,64
Nachrichten,zeitwörter,3
Nachrichten,konjunktive,9
Nachrichten,artikelBest,132
Nachrichten,temporaladverb,16
Nachrichten,artikelUnbest,36
Nachrichten,modalverben,32
Nachrichten,zahl,47
Nachrichten,doppelpunkt,5
Nachrichten,fragezeichen,4
Nachrichten,kausaladverb,12
Nachrichten,komma,101
Nachrichten,zeitwörter,2
Nachrichten,konjunktive,9
Nachrichten,artikelBest,226
Nachrichten,temporaladverb,4
Nachrichten,artikelUnbest,17
Nachrichten,modalverben,17
Nachrichten,zahl,28
Nachrichten,doppelpunkt,5
Nachrichten,kausaladverb,8
Nachrichten,komma,77
Nachrichten,zeitwörter,3
Nachrichten,artikelBest,98
Nachrichten,temporaladverb,12
Nachrichten,artikelUnbest,25
Nachrichten,zahl,21
Nachrichten,doppelpunkt,5
Nachrichten,fragezeichen,7
Nachrichten,modalverben,14
Nachrichten,kausaladverb,9
Nachrichten,komma,119
Nachrichten,zeitwörter,2
Nachrichten,konjunktive,16
Nachrichten,artikelBest,88
Nachrichten,temporaladverb,20
Nachrichten,artikelUnbest,47
Nachrichten,modalverben,36
Nachrichten,zahl,58
Nachrichten,doppelpunkt,12
Nachrichten,fragezeichen,10
Nachrichten,kausaladverb,24
Nachrichten,komma,185
Nachrichten,zeitwörter,2
Nachrichten,konjunktive,12
Nachrichten,artikelBest,192
Nachrichten,temporaladverb,9
Nachrichten,artikelUnbest,24
Nachrichten,zahl,16
Nachrichten,doppelpunkt,13
Nachrichten,fragezeichen,16
Nachrichten,modalverben,16
Nachrichten,kausaladverb,15
Nachrichten,komma,61
Nachrichten,konjunktive,1
Nachrichten,artikelBest,140
Filme,temporaladverb,7
Filme,artikelUnbest,30
Filme,zahl,29
Filme,doppelpunkt,3
Filme,modalverben,5
Filme,kausaladverb,2
Filme,komma,88
Filme,zeitwörter,1
Filme,konjunktive,3
Filme,artikelBest,135
Filme,temporaladverb,7
Filme,artikelUnbest,56
Filme,zahl,12
Filme,modalverben,8
Filme,kausaladverb,6
Filme,komma,108
Filme,konjunktive,10
Filme,artikelBest,101
Filme,temporaladverb,7
Filme,artikelUnbest,35
Filme,zahl,10
Filme,doppelpunkt,1
Filme,modalverben,8
Filme,kausaladverb,3
Filme,komma,63
Filme,konjunktive,5
Filme,artikelBest,83
Filme,temporaladverb,13
Filme,artikelUnbest,52
Filme,zahl,14
Filme,doppelpunkt,18
Filme,fragezeichen,3
Filme,modalverben,17
Filme,kausaladverb,3
Filme,klammernEckig,6
Filme,komma,114
Filme,zeitwörter,6
Filme,konjunktive,1
Filme,artikelBest,192
Filme,temporaladverb,21
Filme,artikelUnbest,35
Filme,modalverben,19
Filme,zahl,54
Filme,kausaladverb,13
Filme,komma,84
Filme,zeitwörter,1
Filme,konjunktive,1
Filme,artikelBest,193
Filme,temporaladverb,11
Filme,artikelUnbest,28
Filme,zahl,59
Filme,modalverben,8
Filme,kausaladverb,7
Filme,komma,54
Filme,konjunktive,2
Filme,artikelBest,88
Filme,temporaladverb,1
Filme,artikelUnbest,22
Filme,zahl,58
Filme,modalverben,12
Filme,kausaladverb,5
Filme,klammernEckig,2
Filme,komma,75
Filme,zeitwörter,2
Filme,artikelBest,149
Filme,temporaladverb,10
Filme,artikelUnbest,34
Filme,zahl,236
Filme,doppelpunkt,2
Filme,modalverben,5
Filme,kausaladverb,10
Filme,komma,70
Filme,konjunktive,2
Filme,artikelBest,141
Filme,temporaladverb,6
Filme,artikelUnbest,31
Filme,zahl,17
Filme,doppelpunkt,3
Filme,modalverben,15
Filme,kausaladverb,3
Filme,komma,61
Filme,zeitwörter,2
Filme,konjunktive,2
Filme,artikelBest,111
Filme,temporaladverb,20
Filme,artikelUnbest,38
Filme,zahl,6
Filme,modalverben,9
Filme,kausaladverb,5
Filme,komma,84
Filme,konjunktive,3
Filme,artikelBest,97
Filme,temporaladverb,14
Filme,artikelUnbest,34
Filme,modalverben,15
Filme,zahl,90
Filme,doppelpunkt,2
Filme,kausaladverb,6
Filme,zeitwörter,5
Filme,komma,87
Filme,konjunktive,1
Filme,artikelBest,112
Filme,temporaladverb,13
Filme,artikelUnbest,43
Filme,zahl,6
Filme,doppelpunkt,3
Filme,modalverben,5
Filme,kausaladverb,6
Filme,zeitwörter,1
Filme,komma,78
Filme,konjunktive,1
Filme,artikelBest,89
Filme,temporaladverb,7
Filme,artikelUnbest,30
Filme,zahl,19
Filme,doppelpunkt,3
Filme,modalverben,4
Filme,kausaladverb,5
Filme,komma,62
Filme,zeitwörter,1
Filme,konjunktive,5
Filme,artikelBest,91
Filme,temporaladverb,14
Filme,artikelUnbest,46
Filme,zahl,32
Filme,doppelpunkt,3
Filme,modalverben,18
Filme,kausaladverb,8
Filme,komma,90
Filme,zeitwörter,3
Filme,konjunktive,1
Filme,artikelBest,124
Filme,temporaladverb,9
Filme,artikelUnbest,34
Filme,zahl,33
Filme,doppelpunkt,5
Filme,modalverben,13
Filme,kausaladverb,8
Filme,klammernEckig,18
Filme,komma,79
Filme,konjunktive,1
Filme,artikelBest,129
Filme,temporaladverb,3
Filme,artikelUnbest,25
Filme,zahl,2
Filme,doppelpunkt,4
Filme,modalverben,10
Filme,kausaladverb,9
Filme,komma,69
Filme,artikelBest,83
Filme,temporaladverb,6
Filme,artikelUnbest,35
Filme,zahl,18
Filme,doppelpunkt,8
Filme,modalverben,12
Filme,kausaladverb,3
Filme,klammernEckig,4
Filme,komma,76
Filme,zeitwörter,1
Filme,konjunktive,3
Filme,artikelBest,116
Filme,temporaladverb,7
Filme,artikelUnbest,42
Filme,zahl,45
Filme,doppelpunkt,4
Filme,modalverben,6
Filme,kausaladverb,5
Filme,klammernEckig,4
Filme,komma,105
Filme,zeitwörter,2
Filme,konjunktive,1
Filme,artikelBest,173
Filme,temporaladverb,10
Filme,artikelUnbest,35
Filme,modalverben,17
Filme,zahl,23
Filme,doppelpunkt,2
Filme,kausaladverb,4
Filme,komma,102
Filme,zeitwörter,1
Filme,konjunktive,2
Filme,artikelBest,129
Filme,temporaladverb,12
Filme,artikelUnbest,41
Filme,zahl,40
Filme,doppelpunkt,1
Filme,modalverben,8
Filme,kausaladverb,2
Filme,klammernEckig,8
Filme,komma,60
Filme,zeitwörter,3
Filme,konjunktive,2
Filme,artikelBest,106
